Name,Check-In Time,Status,Date,Email
Aman,10:00 AM,Present,2025-06-20,aman@example.com
Anjali,08:50 AM,Present,2025-06-20,anjali@example.com
Ansh,10:00 AM,Present,2025-06-20,ansh@example.com
Arpita,,Absent,2025-06-20,arpita@example.com
Dikshant,09:00 AM,Present,2025-06-20,dikshant@example.com
Divya,,Absent,2025-06-20,divya@example.com
Krrishika,09:00 AM,Present,2025-06-20,krrishika@example.com
Lovekesh,08:50 AM,Present,2025-06-20,lovekesh@example.com
Manvi,09:50 AM,Present,2025-06-20,manvi@example.com
Mayank,09:00 AM,Present,2025-06-20,mayank@example.com
Muskan,,Absent,2025-06-20,muskan@example.com
Nisha,,Absent,2025-06-20,nisha@example.com
Sagar,08:59 AM,Present,2025-06-20,sagar@example.com
Shanya,08:00 AM,Present,2025-06-20,shanya@example.com
Shikha,,Absent,2025-06-20,shikha@example.com
Shubham,,Absent,2025-06-20,shubham@example.com
Simran,,Absent,2025-06-20,simran@example.com
Sorabh,,Absent,2025-06-20,sorabh@example.com
Tanya,10:05 AM,Present,2025-06-20,tanya@example.com
Twinkle,09:30 AM,Present,2025-06-20,twinkle@example.com
